,reviews_new,rating,stemmed_reviews
38,well done wishing you blessed and fruitful stay,0,well done wish you bless and fruit stay
35,best wishes sir,0,best wish sir
14,could you help educat student,0,could you help educat student
15,wow keep the great work,1,wow keep the work
46,literally person who makes someone better than how she met the person positively,1,liter person who make someon better than how she met the person posit
36,happy women day,1,women day
26,born poor not your mistake but die poor that very biggest mistake life phonela call whatsapp abantu kulahlekelwa mali zingaphumeleli endlini account unomntu abo mali lotto casino ose jail abortion number yam call and whatsapp born poor not your mistake but die poor that very biggest mistake life,1,born poor not your mistak but die poor that veri biggest mistak life phonela call whatsapp abantu kulahlekelwa mali zingaphumel endlini account unomntu abo mali lotto casino ose jail abort number yam call and whatsapp born poor not your mistak but die poor that veri biggest mistak life
22,call whatsapp wakwa into yam swini mali child support grant grant bam may lingu wakwa baba account baba nam uncedo ingene endlini account yam grant minutes message million percent yam into andin call whatsapp,1,call whatsapp wakwa into yam swini mali child support grant grant bam may lingu wakwa baba account baba nam uncedo ingen endlini account yam grant minut messag million percent yam into andin call whatsapp
21,image conn,1,imag conn
25,creation creation complete,1,creation creation complet
41,baba welcome you all the world wealth and hello from the nigeria herbalist association here show you the way success and riches without any human blood money rich without human rituals get back girlfriend work place problem winning lotto pool epilepsy sickness back sender politics lack children examination success magic calabash good luck natural health hypertension spiritual cream impotency penis enlargement court case promotion work commanding tone protection ring marriage success love ring favour ring recover lost glory spiritual power for men god travel success ring job success and many more whatsapp now,1,baba you all the world wealth and hello from the nigeria herbalist associ here show you the way success and rich without ani human blood money rich without human ritual get back girlfriend work place problem win lotto pool epilepsi sick back sender polit lack children examin success magic calabash luck natur health hypertens spiritu cream impot peni enlarg court case promot work command tone protect ring marriag success love ring favour ring recov lost glori spiritu power for men god travel success ring job success and mani more whatsapp now
18,you well done,1,you well done
32,awesome well done,1,awesom well done
23,lam lindelwa into yokutya abantwana bam abantwana uncedo nam inumber athetha yam bendihleli lam unangu kuba even account yam kaloku babe mali ewe yam yam unangu lam abe uncedo abasikelele inumber call whatsapp baba unangu,1,lam lindelwa into yokutya abantwana bam abantwana uncedo nam inumb athetha yam bendihl lam unangu kuba even account yam kaloku babe mali ewe yam yam unangu lam abe uncedo abasikelel inumb call whatsapp baba unangu
19,the doing how assist,1,the do how assist
10,keep the good work,1,keep the work
34,with great all the way,1,with all the way
49,always pushing for greater heights well done sir,1,alway push for greater height well done sir
6,well deserved,1,well deserv
31,great job our proudly organization,1,job our proudli organ
40,our proudly organization million teachers,2,our proudli organ million teacher
44,mentor required put others through path more like walking someone down unknown path,2,mentor requir put other through path more like walk someon down unknown path
5,congratulations million teachers well deserved award,2,million teacher well deserv award
0,congratulations our beloved hakeemsubair and team,2,our belov hakeemsubair and team
47,mentor someone who the way and the way,2,mentor someon who the way and the way
43,taking you from the known the unknown and bringing you back,2,take you from the known the unknown and bring you back
24,make known complete developp complete not farce pharacy conn cog boa logy thrive each,2,make known complet developp complet not farc pharaci conn cog boa logi thrive each
30,another step towards education reforms africa million teachers genderequity,2,anoth step toward educ reform africa million teacher genderequ
12,awesome,2,awesom
54,this move,2,thi move
33,beautiful,2,beauti
20,teach them the truth about history mandela was vile terrorist,2,teach them the truth about histori mandela wa vile terrorist
11,great partnership,2,partnership
17,absolutely amazing indeed,2,absolut amaz inde
45,leading someone personal development,2,lead someon person develop
2,congratulations sir,2,sir
7,keep soaring hakeem subair keep blazing the trail sir,2,keep soar hakeem subair keep blaze the trail sir
39,safe travels everyone,2,safe travel everyon
52,congratulations and cheers more collaborations,2,and cheer more collabor
29,keep out schools protect the children,2,keep out school protect the children
51,brilliant success,2,brilliant success
1,congratulations million teachers well deserved,2,million teacher well deserv
37,good luck you,2,luck you
42,wow really impressed,2,wow realli impress
16,this for teachers who are employed even those who are unemployed,2,thi for teacher who are employ even those who are unemploy
50,can wait weldone and,2,can wait weldon and
9,congratulations sir,2,sir
28,learning what direction dark cabal towards the truth the future progress towards end slavery removal all dark multiples already arrested and executed heaven decreed for paradising earth surface hollow earth and inner earth maybe teaching children all are changing governments changing governances the people for the people yes for the people blessings,2,learn what direct dark cabal toward the truth the futur progress toward end slaveri remov all dark multipl alreadi arrest and execut heaven decre for paradis earth surfac hollow earth and inner earth mayb teach children all are chang govern chang govern the peopl for the peopl ye for the peopl
8,congratulations million teachers,2,million teacher
48,deal,2,deal
13,butt,2,butt
56,interesting,2,interest
27,another bunch stupid woke teachers away,2,anoth stupid woke teacher away
